ID,ra,dec
33398702,344.420449437894,-8.06747255937119
33398853,344.385740689958,-8.71066346020641
326478986,344.461324489008,-18.7500253610322
326479336,344.529938120722,-17.9023395708138
33398190,344.208238491093,-6.00870021074129
33398507,344.400838702735,-7.16461468460723
326479200,344.448199056123,-18.2751684178469
277773508,343.643676243051,-65.912265947692
38254861,344.16162618131,-4.76950200649298
38255074,344.265871837226,-5.85287724304335
38255138,344.284228882544,-5.63164280010193
38255663,344.36316476773,-3.25738668619505
38255691,344.32109755705,-3.13910954379115
38255699,344.310432410411,-3.08680510645942
9209924,352.50133129266,-18.6812661254338
9760525,359.034827860103,-10.4727614838146
27955355,358.417766576799,-19.2636081730574
27955696,358.393633630441,-21.097324349456
89503905,356.959007040182,-19.2845212570672
206354321,355.431570049969,-51.9436714859066
434103018,353.205826722354,-16.8456452264909
434101713,353.128589707912,-12.2642959861694
434102732,353.098560333232,-17.6130640795859
441054737,359.330661808214,-12.9779803175734
238176832,358.355099349673,-70.9447632646802
290461578,0.407482233981397,-80.3225569573163
274014993,352.759115202312,-82.4201924054771
9210200,352.593349442083,-19.2707085507856
27955982,358.471463524584,-22.6054907666355
38254915,344.210948925707,-5.0111858875311
38255241,344.371070497168,-5.14847010357044
206326359,353.859163694376,-52.0246254206602
206326563,353.856997897167,-52.9855339197146
206326759,353.959415223038,-53.8254092811649
206326988,354.016643416985,-52.8446228011153
219333612,353.876312113506,-59.7936601014394
425863400,351.984718222634,-46.3423003757492
425863426,351.948764226976,-46.4827416166121
425863427,351.952974766853,-46.487948047127
425863497,351.944719467972,-46.8415737334152
425864099,352.089153107066,-46.102449395075
425864246,352.01415181157,-45.4125083251611
469917500,350.979806664795,-48.6137007081085
469932861,351.079039454544,-50.0411844508372
469933034,351.004809287927,-50.8822162788547
469933059,351.088571649953,-51.0134555325872
219333652,353.912959192948,-59.5929423967316
219333756,353.904983321428,-59.1526410890153
219333772,353.970591723996,-59.0646309615342
350214519,355.443616065048,-61.2037904002002
144335056,355.968623411393,-44.9450525829133
144335487,356.032011685949,-42.4744854321366
144312881,354.931814615754,-43.2574867539699
144313106,355.035487476926,-42.1075311549979
469933385,350.922796657698,-52.3418957758969
469933664,351.054356081731,-53.5361664011186
469933830,351.25829513362,-53.5879639765672
469934266,351.165348439568,-51.5957757440498
469934336,351.106431742093,-51.336466230644
469934431,351.158932789524,-50.9197204851355
206327047,354.081348048457,-52.532683501519
206327323,354.016003049155,-51.1602228222872
206327506,354.086893937467,-50.1197038072965
274015024,353.098078152733,-82.5198581568061
277873756,353.170953202255,-77.4349654483228
277874409,353.211051693756,-74.7867793521655
277874410,353.203633190818,-74.785891377894
277874758,353.102419660189,-73.4933842004085
277874893,353.056905827538,-72.9575422471751
277888959,353.107806138846,-72.2244646177742
401835025,353.587542612914,-86.4121852092934
402026240,353.621071770129,-42.239848702579
219342752,355.250084922047,-54.1186372660953
219343218,355.364011130568,-56.3694922642798
219343288,355.365803451577,-56.699329696554
235042266,354.501108437968,-61.1566147652605
402026353,353.550650284748,-42.8675866232284
402026758,353.490121130593,-44.6072379086855
402026785,353.615258911461,-44.7313741991587
402027001,353.565249738158,-45.7308434764988
402027107,353.488188036877,-46.1865220679196
235042574,354.602460444199,-59.9919789940145
434101727,353.158930977396,-12.3110858037972
434101759,353.078692025949,-12.499094338755
434101793,353.095494716219,-12.7132042070784
434101865,353.164694729248,-13.098883386188
434101988,353.174512334005,-13.6978699876932
434102154,353.143975216361,-14.5670498953432
434102197,353.144590603641,-14.9008347835123
277911447,354.595703273876,-77.2422274708763
277911470,354.668259941174,-77.158178205409
277911678,354.646657512561,-76.4468021485456
277911752,354.430823625204,-76.1939111556121
434102325,353.10682270387,-15.622568417832
434102643,353.099529132769,-17.1574128113003
434102730,353.090310969628,-17.6005407622077
434102767,353.172495167235,-17.8073366899091
224278291,355.491446024804,-37.1683382485546
9177830,352.263507928417,-21.9330807869689
9178051,352.257362083732,-22.9919614864564
9178274,352.415518164974,-23.8204141541826
9178379,352.374547539872,-23.2761881108541
9178450,352.36533254172,-22.9061339116122
9178476,352.358201537677,-22.7716788870191
9178536,352.372392602732,-22.352392456547
9178758,352.409193728408,-21.3463799296053
9178835,352.373296826618,-21.1250959252658
9179081,352.459803896932,-19.9802454391049
9179484,352.382503860054,-18.0930865364222
9210221,352.558170263625,-19.3172348877017
27955257,358.419130256136,-18.669209807508
27955258,358.420677065783,-18.675234420769
27955268,358.356491372261,-18.7445544490881
441054714,359.304064936563,-13.0801647915204
27956013,358.464239062469,-22.7928594061239
27956078,358.368174361177,-23.1935441706002
27956278,358.562148343295,-23.4533089086461
27956349,358.509785780489,-23.0732606558271
27956474,358.531588556927,-22.405707804886
27956482,358.544807671835,-22.3804870549543
27956592,358.560436335553,-21.7526035071661
89503355,356.860376931593,-19.3901396723039
89503508,356.917992202164,-18.5524078081117
89503519,356.840624432465,-18.4663945777994
89503541,356.820036693082,-18.3640054473279
89504292,357.040523795184,-21.3001903669142
89504529,357.013192688556,-22.5247334237192
89525310,357.07020615564,-23.6951174372354
92138129,355.953701003933,-12.8784924134306
92138131,355.949228306014,-12.8811301036805
92138622,356.040756062181,-14.637839955466
92138634,355.976825902425,-14.7094187536209
92139306,355.975685955584,-17.4551334644468
136886163,356.921340429116,-12.3159911989454
136886225,356.919354946441,-12.5981009230706
136886342,356.916098545661,-13.3107548496409
136886499,356.957744857459,-14.1225408350999
136886724,356.952504314881,-15.4038304318388
136886985,357.008602007664,-16.9176675336141
206365851,357.28987428886,-52.508703734719
206366150,357.376376260271,-50.9542233934436
206382705,357.439702272855,-49.2425449223926
206382758,357.343314666829,-48.9915027483346
206382889,357.373894161423,-48.2638134274172
206383016,357.512924670017,-48.1871267184517
206383097,357.515772707921,-48.6430401615334
206383106,357.554842314688,-48.706224213365
206383299,357.552983918858,-49.7324910696154
206383499,357.611064229137,-50.5265782123683
206383527,357.473289491699,-50.662700427908
206383776,357.552560883865,-52.0540491944187
206383804,357.465808157427,-52.1543235431682
206383838,357.58014694206,-52.3330652266407
206383902,357.515037468528,-52.643224261903
65260855,359.372437269895,-27.8409882619964
65260856,359.422097698384,-27.8483101461183
65260948,359.363235845861,-28.4729090538602
65261228,359.565879046068,-29.7895061716692
280803612,359.82450080063,-59.950124787023
290406213,0.218365932149536,-79.7297025146767
290406265,0.239199322913687,-79.8558831569367
290461732,0.210093091945099,-80.7052518774565
290461910,0.277540028922377,-81.1772674200581
469933739,350.923284594392,-53.8607605484315
65261022,359.467628695684,-28.8959826897338
33985342,357.595895677831,-29.8310666277604
248574050,357.324173022786,-3.7060781548272
408001682,359.864859812204,-3.34430736985976
248573639,357.358565611068,-5.81932208030842
248573708,357.311629999023,-5.48191358849841
248573969,357.261924934158,-4.05838944376251
248577213,357.54737481043,0.0486541352776552
248575573,357.39768497215,-3.72494881448139
407996542,359.70331019043,-0.681298558404888
407996620,359.763278888481,-1.0670681521582
407996771,359.731663381687,-1.77379415787696
407996773,359.782512746977,-1.78803738899268
407997311,359.687879494688,-4.33800117708939
407997368,359.680650655187,-4.66578656543215
407997371,359.722737688369,-4.68165047102372
407997446,359.710875057944,-5.14598710420739
408001342,359.905538334854,-5.05747382375144
408001431,359.888944768705,-4.56363525014183
408001474,359.881455859349,-4.37142122705068
218984420,350.413515939535,-33.5079747738668
218984421,350.414669489716,-33.5083727804688
355494530,352.546303583426,-49.2476016904641
254298069,355.317953954452,-26.9558648300275
293507177,351.544571664347,-73.3971824481111
33985240,357.527062422691,-29.179392168158
248575345,357.435408134291,-2.56465802776223
160112316,359.423344673068,-38.3052307696376
254295440,354.653953717838,-29.9325144968093
317087819,346.413079390144,-80.2640133251464
317088249,346.787617466318,-81.6349434213762
317088623,346.791450000562,-82.934812651687
317088759,346.686308966028,-83.3810165625676
317097027,86.5944766408368,-12.0634646850987
325372517,346.187964332509,-72.3775671063367
218984264,350.444989980772,-32.7332424316617
188627264,350.44129386533,-17.0976966145532
188627283,350.440310524147,-17.0211634487601
261592213,350.242292306262,-75.7735458158244
261592530,350.089030978535,-77.0073956669383
355494015,352.616610615204,-51.4451550415098
261593106,350.634462427649,-76.7259476579926
261593226,350.539532388136,-76.273457991752
261593607,350.808381418112,-74.9599216647239
254297961,355.092571551848,-28.3825819754991
316913521,355.721956414902,-56.9216913465264
316913540,355.65377744932,-57.0195616029449
316913723,355.689876465898,-57.9151837897315
293507333,351.405278406209,-73.8321323554472
144313746,355.189264960347,-45.1477306412268
293508236,351.465171866527,-76.773025402153
293508237,351.461203253961,-76.7746032619922
327830797,354.904455834671,-85.1270516353512
327830968,355.064080583968,-85.4966952354748
293508573,352.024482107595,-77.8853635155182
293508818,351.802734292663,-76.8982023770508
254295489,354.573326720367,-29.1947290784514
254295566,354.897974689275,-28.2800563109616
410188326,353.414274173182,-67.7907518067127
410188332,353.398626555328,-67.7813849235183
410188478,353.426111996342,-67.3152294740408
410188666,353.504792747022,-66.6728619683208
410188908,353.835057133803,-65.9396587936116
410189092,353.697651412796,-66.5828928504767
254295722,354.930104053497,-26.4253695312889
254296005,354.924501123294,-27.551635697998
254296087,354.922123826683,-27.3638521689496
254296094,354.637884334577,-29.0403466365684
224276202,355.169276399482,-36.4244387920781
224276208,355.074810338869,-36.3889952573049
33984208,357.435362244252,-24.5018982561682
33984270,357.446866560124,-24.1179623158806
33984612,357.53467741477,-25.5527744603566
33984666,357.527378852636,-25.8336229603674
33985034,357.600375159238,-28.0062904053606
33985050,357.496396978487,-28.1153476354724
33985103,357.497209522335,-28.4390234041991
33985295,357.56802832559,-29.5436692854997
33985341,357.595456763489,-29.8296513911614
33985779,357.653973966749,-27.4277766411363
33985911,357.631674990958,-26.6363194293452
33986052,357.687239951489,-25.9730224273909
33986176,357.718331451777,-25.2384555727961
248574089,357.33999565294,-3.45899483367443
248575271,357.460010318133,-2.19232467515897
248575453,357.434090922647,-3.14349727962607
144460020,359.691549304826,-46.7945019002067
144460043,359.750389479096,-46.8799398214506
144460440,0.0297781768524226,-43.1059608260723
160085417,359.409571640007,-41.6376165266475
160085508,359.3960995219,-40.9932076911805
160112075,359.509826891975,-39.8175417176215
160112234,359.44239104548,-38.772103672891
160112353,359.437270457814,-38.0838858634885
160112555,359.53619805526,-36.7307835085246
160112712,359.625545369545,-36.1491110936714
160112796,359.69357260768,-36.6607400741912
407997143,359.733450544481,-3.64371488528003
408001623,359.895203787092,-3.6479876748651
301134958,349.480597690863,-4.32254468746218
288386294,320.720061851312,-15.5506719621591
8994809,355.103607065281,-9.07613762624151
8994875,355.031122437433,-9.33717798797778
8994876,355.040624350273,-9.33976813679016
301135125,349.408072497009,-5.01447226750728
4553397,347.959686510874,-7.81013703041293
8994689,355.112526799402,-8.40611749352369
270252752,356.977429956264,-5.40350189156477
288386122,320.744928092956,-15.9820949195949
288386378,320.750197247748,-15.3202805625848
301135126,349.408300171871,-5.01869813511284
8994620,355.063864886657,-8.14366239993898
9052402,355.989042554559,-6.53011240634809
250129851,356.27046274459,-3.76512589427712
250129924,356.253066298507,-3.3840729154254
270252848,356.973863893576,-4.93441408905635
248601148,357.970997958919,-5.10486766949627
248601234,357.947323034513,-5.61773364127847
248602168,358.00387409117,-1.75235043933951
248602172,358.068809134728,-1.72737582263756
160073552,346.148622092572,-38.28617692925
33910474,355.794816509803,-29.0755819092395
160070597,346.08407809836,-40.8857665253975
160073491,346.086394549519,-38.5861609964698
4553324,348.016110155495,-7.46942311156698
355493940,352.617804887535,-51.8418105951458
261590260,349.698194194574,-73.8741945580853
144387241,357.322990739876,-42.1026929505006
160073566,346.093347747114,-38.2065290370941
355493749,352.724968954759,-52.6107318351397
355493759,352.576371522685,-52.57020773961
469915828,350.464011912016,-53.2951679838368
469916021,350.725842658979,-53.8125544925132
9157120,351.66653642436,-22.7211440566167
9158162,351.761439794842,-17.9630307002301
144387504,357.380207512708,-42.9325305952806
160070626,346.119970216822,-40.785047273617
160070774,346.076618018714,-39.9254606730482
160070797,346.142271526187,-39.7441617689077
160073361,346.12171298104,-39.1919529357247
160073708,346.070791159041,-37.5643358304999
160073874,346.183061566912,-36.7201136681537
160073947,346.19785338452,-36.3254091108333
160074048,346.343322149321,-41.7548910813057
160074074,346.233343712281,-41.6359035462844
160074159,346.333706819915,-41.1632077185803
160074169,346.233716986939,-41.1117224824065
160074283,346.304225469699,-40.449925386639
160074401,346.333894138703,-39.9134996425485
160074646,346.326126494813,-38.6600886324415
160074661,346.25714186648,-38.5600821944248
160074709,346.225571354799,-38.2696135707601
160074951,346.22450491287,-36.8839144731618
9056420,349.941734444526,-23.7149105996391
325414765,346.05348360223,-83.589906943438
392793272,345.871325859914,-75.2395396205787
392793840,345.980650017215,-73.622737109686
392813712,345.973193592779,-72.1525166249887
392813939,346.728099609086,-72.3963116400471
301134977,349.370637719879,-4.38429820026447
4553159,347.97007536648,-6.61576614028104
4553412,348.035422931439,-7.9300009786475
4553533,347.98397143735,-8.60501550729466
4553539,348.072132382688,-8.63178706249519
4553899,348.032310720481,-10.3349134921138
4554158,347.996833828048,-11.6169430176948
4554282,348.214081577047,-6.14596530486802
4554400,348.316759851309,-6.70506026326342
260890599,350.095567751685,-69.5478498342889
260890677,350.343572074686,-69.8047819171923
328010629,352.414631417798,-16.0351792518742
328010802,352.365751970019,-16.8186245424275
328010952,352.412364966371,-17.5569011560041
328010967,352.438896893093,-17.5907528026933
328011044,352.365705336436,-17.9419383097004
355493455,352.585943397449,-53.9557402026141
355493801,352.699380116578,-52.4491011094881
355493965,352.657100883414,-51.7120817893691
261563895,349.713509152762,-75.4973549097694
261590581,349.894653677707,-73.0782518714512
261590714,350.061859848316,-72.6598020805092
261590727,349.963350401239,-72.6032550391239
261590913,350.044074250107,-72.0457093673306
261590972,350.289681103217,-72.002343612225
261591337,350.142895358451,-73.1667968173412
261591454,350.291766107464,-73.5018375991044
469914800,350.40839520965,-48.6477399069943
469915052,350.51976323323,-49.8377510659295
469915061,350.421665474526,-49.8661133807713
469915384,350.518417282688,-51.3113865161897
469915573,350.506046705522,-52.1738404212038
469915637,350.473669202227,-52.4362964403046
469915705,350.471297779306,-52.700664585266
469915709,350.480844994483,-52.7096823206669
469915751,350.398813830134,-52.8668834491519
469915777,350.510189728155,-53.0238405212999
469915794,350.440001870867,-53.0970536783285
469915829,350.47056522177,-53.2980255862335
469916259,350.702426354114,-52.7437583417609
469916397,350.626201305271,-52.1744818867864
8994725,355.042605262556,-8.55893980031856
8994792,355.129149540145,-8.97820210594679
33910355,355.759511094807,-29.8506535872796
33910400,355.848133373159,-29.5713343812616
33910464,355.883402680588,-29.1075978414398
33910638,355.832661761158,-28.0480927006377
9156629,351.512676239951,-22.7909419432467
92130099,355.392139650482,-16.5045653989165
9157141,351.645249028516,-22.6091805106069
9157255,351.660705405391,-22.1395049374413
9157289,351.667793553944,-22.0066329638004
9157425,351.611546476082,-21.2833592367362
9157729,351.696392035095,-19.7889240999915
9157765,351.606723234841,-19.6310566408709
9157900,351.609897915109,-18.9553713626103
92130550,355.301032250651,-14.2955439887413
92130686,355.305141661349,-13.5194151261043
92130728,355.345946540583,-13.2639842130747
92130823,355.38261287567,-12.7129630536477
92130847,355.331877135689,-12.5981170352095
92130989,355.489969399718,-11.8933838034103
9158113,351.684985106569,-18.0953659094893
9158119,351.696212818166,-18.0511091384001
9158355,351.754216034387,-18.9774955487918
9158575,351.778017486102,-20.0299222391378
250130042,356.171034004789,-2.82313436679651
250130212,356.216555140993,-2.07944648804901
250130259,356.215478730578,-1.85617676717241
250130404,356.210053579394,-1.22036836061734
327939711,358.833227186104,-14.6177467588899
144386468,357.284387714797,-46.332707209775
144386658,357.220862768689,-45.3700272204673
144386677,357.289129008945,-45.2352290027948
144386737,357.234813085855,-44.9914288059569
144386917,357.288305616888,-43.8856209635271
144387187,357.283314211,-42.4488340265976
144397694,357.462465595459,-43.8502017824792
144397825,357.453644379517,-44.5080940861141
144398184,357.489914375958,-46.471919494384
144398593,357.574390855155,-47.4031990929193
270267891,356.924996013916,-3.34711732351066
270268576,357.139332380004,-12.2384520358742
270268669,357.131656717745,-12.7385524230442
270268796,357.058208417593,-13.3552780788752
270268894,357.079419151099,-14.0487677261588
270269022,357.126247228332,-14.6315912927706
270269053,357.10020178794,-14.8375117613746
270269444,357.089954894106,-16.7643858681313
270269541,357.099999938577,-17.3897076106919
273568852,356.809805647424,-77.3803946011452
49621795,350.7485624731,-9.31966283746998
404225147,346.064720135979,-9.93379086100765
254300964,5.50125083241732,-19.4901612836553
254301202,5.51983817209863,-20.3881844300234
250113329,355.915430927729,-0.159922090777847
250113413,356.051120855383,-0.187867838887604
250113711,356.062500001321,-1.54123194007371
250113835,356.138027858625,-2.18006881261635
250114515,356.08305239866,-5.11128553484892
250129595,356.267251527057,-4.77878972760645
250129620,356.174854951995,-4.62253321731016
381915637,350.808557357977,-54.681345112244
9056702,350.115289372442,-22.8850047716901
317128910,348.989104399107,-81.3725561423078
5796048,348.932488941323,-12.3636462711484
5796376,348.931720631617,-14.0109563374345
381916482,350.833419443019,-58.7431001598266
27965513,358.692934226979,-21.7745113437705
441056242,359.522692727543,-17.3942610494068
183821464,358.42065579396,-35.9849658359292
139120870,320.11928236187,-42.71551373984
5795799,348.75706182624,-12.7356335746454
317129698,349.400022812329,-78.2650779241278
139121537,320.101410099201,-44.7537738250965
188620786,350.05245384276,-14.6916378594925
1848370469,297.460829835734,20.3437024149112
1871998843,297.791384934396,34.9635054232361
1884231688,291.268620416195,63.5886313032455
1914757900,291.064233397651,13.1962609747233
1884010455,292.971712395294,58.8109612451615
1884429109,293.871168518776,68.9789971580148
1883179821,295.127695191421,52.0380038293801
1883253662,293.838513297866,51.5278098480084
5634469,346.396317459167,-12.9604195797346
5639389,346.3957822683,-15.0820303923943
5640465,346.580766354105,-15.5385542894551
392814156,346.846726221874,-73.0210304448434
392814671,346.588739660886,-74.3885785812868
9056772,350.167588694117,-22.6300556794751
317129218,349.264872194316,-82.5572793552727
381915265,350.532291703356,-54.8499939026857
434098351,352.584997999646,-17.8010512597398
441056702,359.518888258667,-15.0661934462632
2733611,356.129919645808,-15.5194459102597
2733720,356.084231906745,-16.1809033169204
183984201,358.745248646969,-38.2524926512765
2759040,356.285582532339,-14.7020934058367
250114054,356.138455500534,-3.17786297817209
250114798,356.268083789793,-5.62067078722615
392815572,346.601565990914,-77.1491031673162
381916008,350.695690747524,-56.3860081650887
2733615,356.041603783666,-15.5280446033181
183984131,358.779039789563,-39.5959372691519
139120759,320.136732173141,-42.3733580592244
139120786,319.996998174238,-42.4638486840474
139121035,320.01056382541,-43.2670316903575
49619850,350.545758598543,-11.8289607329473
49619933,350.634656366559,-11.4279499546804
5634262,346.37760203554,-11.9469128636162
5634504,346.443312917218,-13.1316076529948
5634539,346.448739465286,-13.2967161718677
5634788,346.380144737064,-14.5752587314041
234994168,350.028570642454,-61.0958122434499
218977700,349.589667569938,-35.7311742600251
5639696,346.437429007924,-16.698408317549
5639743,346.488953660949,-16.8757311231255
5639749,346.489110889638,-16.9162865977512
5639872,346.421989662817,-17.5332693216418
5639889,346.462774890267,-17.6095800209876
5640107,346.50196198329,-17.1780427658362
5640115,346.504932022937,-17.1447270509737
5640278,346.51503866011,-16.4106786617475
5640600,346.522138262713,-14.8387488724521
5640608,346.577948651526,-14.8049333869338
5640627,346.612297619767,-14.7436779833207
218978340,349.68273804271,-32.8426962495535
392814185,346.884263344577,-73.1094686884128
392815744,346.660976803991,-77.7809259500906
404224831,346.114145312688,-11.685502889066
262827315,349.126423609561,-58.0665184248991
317129658,349.362091930733,-78.1526892475826
5795493,348.771472077774,-14.1390900249594
5795576,348.841639434171,-13.7718490455989
5795956,348.778433694514,-11.9286667498821
5796245,348.897627882953,-13.2664711933025
5796257,348.969483389326,-13.3664890997299
5796581,348.900711012205,-14.9690029903994
175376630,348.868345467291,-37.2679062141071
175391169,348.883575446476,-36.8937206714698
175391229,348.751965226251,-36.5920193060274
389728622,349.926057439697,-41.9496579703544
394598040,348.861244631536,-60.8141497437063
175392540,348.964532896722,-41.4256893018718
197957198,348.004261369448,-53.3219864873069
197957642,347.977914162223,-51.1133495986143
197957948,347.960877774683,-49.6275962890498
197958388,348.128069870188,-48.4588520869315
434097428,352.68368819252,-13.0184468675245
434097467,352.664279102865,-13.1508033324164
434097477,352.599183441584,-13.2188155943935
434097488,352.591602113585,-13.3029208186948
381914762,350.54645911798,-57.0866361521786
381914783,350.616263340014,-57.0115907764697
381915215,350.536259369922,-55.0620983069535
434097568,352.638349294048,-13.6953575800433
254300446,355.443781643349,-29.8196827070826
254300522,355.411334037613,-27.1291033622907
254300544,355.489035787994,-26.5356259086912
254300575,355.428422109441,-25.8455633491377
254300945,355.395695210862,-29.9303034421463
254301199,355.476712076324,-25.1397549448733
381915348,350.56239842015,-54.5000127102171
381915924,350.84370831751,-55.9367586877697
434097870,352.631629399946,-15.3433146779318
434097874,352.609543234954,-15.3664589903153
434098019,352.678440790995,-16.1982164231205
434098390,352.73510904852,-17.8744021516645
434098475,352.705657357025,-17.3704444220869
434098588,352.764292842992,-16.739509693387
381916505,350.871157115363,-58.8693163267231
66496132,355.896152016549,-23.0772454931866
27965592,358.645705097199,-22.1911390307322
441055890,359.453563438366,-16.6333260599222
441055973,359.497065531523,-16.9913308718869
441055984,359.401452839994,-17.0311679387934
441056181,359.602814194872,-17.7428479810257
441056230,359.538445329336,-17.451753890633
441056462,359.519865208858,-16.2358754537283
441056504,359.53767963799,-16.0157573310992
441056524,359.541635174343,-15.9290191881757
441056526,359.531086028763,-15.9071227481217
441056665,359.614763145417,-15.2566568657293
441056668,359.523547656824,-15.251853424099
27966199,358.788515529766,-22.4068368571368
27966302,358.835768818805,-21.8528080449617
183821379,358.459304744484,-37.4901213914224
183821737,358.376327486325,-37.7529742935435
2733075,356.107368940816,-12.3378928275089
2733126,356.126549176586,-12.6659571050393
2733163,356.062227416849,-12.955061717579
2733223,356.052114490986,-13.2985663750379
2733355,356.045064551593,-14.0685100275905
2733385,356.120619759099,-14.3194719355866
2733455,356.113389289152,-14.6778235936432
2733583,356.140265212293,-15.3489295337258
2733865,356.114012937682,-17.1574875784362
183821836,358.527272078985,-37.5218411728226
183822111,358.59926666452,-40.7475195728161
183984044,358.651036389653,-41.3215966904557
183984100,358.938250189438,-40.1583166228846
183984103,358.697415612923,-40.0533486396071
183984312,358.537931658126,-36.398478277657
2758641,356.18807364565,-16.9510307943106
2758767,356.274783307606,-16.2634612293468
2758880,356.23783002165,-15.5365939967496
2758962,356.212385021403,-15.12502395316
2758971,356.245727941738,-15.0796098834198
2759072,356.226579267964,-14.5032459465098
2759093,356.206302593429,-14.3554031277466
2759107,356.238461518569,-14.2648731840669
2759150,356.220031463193,-13.8901351093842
2759191,356.219943476519,-13.6192037391188
2759282,356.284658033022,-12.9968486291226
183984632,358.603425610067,-36.0577638374955
280793263,358.997196918931,-64.8086831902321
325490350,357.82499039188,-79.1075912177818
250112699,355.952228970216,-3.0806555759128
250112874,355.982154371716,-2.39638128289208
250113454,356.113002208053,-0.35236961374627
250114068,356.065564589706,-3.25610667206274
325491233,357.47884530613,-81.3545644843863
250114553,356.124793697635,-5.27493126281826
1908720210,295.615792741085,10.0159626883772
1883065810,294.80980369553,49.5221579076929
1880826450,295.097552698055,41.6342168396275
1907466310,296.903242023381,8.94082216954962
1884556726,296.756741782334,76.9084881664703
1883163287,295.04523087742,51.5464340204254
1917734879,294.801422193977,14.7136307068233
1909500675,297.153057012386,10.5185882201823
250114915,356.256209235744,-5.15995060423421
327854267,357.729090907308,-86.2165747265582
27965478,358.629196680809,-21.5786653746512
410271080,358.933162616531,-82.5980948359292
76924218,352.287121747516,-31.8253709342464
2054695644,357.015802284438,-74.1750070775653
410270358,359.080915341371,-80.3571901412446
204322201,346.523641805525,-19.4292196918338
301130354,349.108756463574,-4.04822942746915
398619088,356.731992935224,-2.53706103638981
301130514,349.041847580826,-3.28556091338961
398618556,356.546107870867,0.0721617200272264
204322275,346.552241898602,-19.8381454564059
301081241,348.933418288899,-0.919847832419159
89547055,358.221035788129,-19.415510298481
248602473,358.026189627583,-0.334722999187695
144381362,172.947598763431,35.9036490293974
144381755,173.110146860947,34.6914712807024
398586622,356.538568470487,-3.11784395541162
398586807,356.622092222081,-2.13143369046614
398618302,356.608173749051,-1.21071198341455
398618479,356.538037598752,-0.348908461617951
398618608,356.710764665603,-0.262841804052191
398618795,356.723692980654,-1.22024025557811
398618796,356.722862275278,-1.22222061014156
398619064,356.666188791345,-2.42139443725794
398619305,356.678445136957,-3.57658855235641
398619355,356.750787711228,-3.8097860688671
214663808,349.76338195631,-17.3547012295873
332517210,350.933257761188,-27.7631818908067
144381746,356.835259842119,-47.2369431589705
410271081,358.94012415559,-82.5982669436721
321153765,347.049314909586,-86.3443491776637
204322696,346.538210039794,-22.0050728002289
260841199,349.239601739391,-70.767970124118
204322955,346.600355518498,-23.3458021864997
301082296,348.92514809455,-5.59045717942959
234996543,350.697700410943,-63.8664269304849
332517077,350.9313324907,-26.9928790951097
402339360,354.048651761191,-17.625642516298
76924171,352.209865457411,-32.054467115793
76924867,352.38116553223,-31.2498299203093
144378447,356.783589059767,-43.9823962514333
321153573,347.333736211884,-85.8463924212425
175391698,348.965040059229,-37.5585273239719
214663794,349.782897480015,-17.4384796939178
214663806,349.742709049786,-17.3643540955011
214663807,349.761888858291,-17.3553962002659
214663833,349.826912996698,-17.2071983347113
214664015,349.82880843818,-16.1864008000584
204322477,346.531303168711,-20.9515960763717
260840773,349.013791649873,-71.5247694570995
260841126,349.445854874535,-71.0510826653789
260841174,349.446791435762,-70.8752517122208
204323023,346.579383201172,-23.7357623909445
204323244,346.617829021781,-22.963656730306
204323289,346.627449483441,-22.744984274607
204323417,346.732938458063,-22.1445497363643
204323475,346.709195888807,-21.8404700978543
204323713,346.672178228784,-20.6392679004343
204323858,346.643962529681,-19.9461702615824
301082429,349.017936423933,-5.66762815638732
301130252,349.02924777916,-4.46360393516453
301130266,349.074628361783,-4.39736900469965
301130614,349.029919506149,-2.86994116170731
169746813,350.930589439476,-15.8879867528219
355369072,349.550726635214,-48.5806185382412
355369077,349.483004329979,-48.6050253143613
234996522,350.493783955736,-63.9582893893522
139321053,348.262147356108,-42.9208834960842
139321208,348.263984379355,-42.2253241779941
139321462,348.43056157787,-42.6137787709426
139321765,348.426447127709,-43.8132414100981
139321817,348.440934305584,-44.0189770175996
234996706,350.611826649347,-63.3349335164067
234997148,350.671769620716,-61.5486823963185
188628241,350.362137122094,-12.5221383803192
188628313,350.379485288875,-12.1806407338579
139322400,348.405324048648,-46.7194775721933
139322436,348.446958646387,-46.8475437272459
139322491,348.453035280598,-47.0778419348214
139322548,348.408396425586,-47.2951974784744
332508886,350.770092453181,-26.309869666589
332508974,350.78123251446,-25.9207841707174
332509046,350.71736327625,-25.5305930169309
332509355,350.713664227468,-24.0792098853952
332509560,350.95866652121,-24.8587869828656
410154898,352.816492984145,-70.4741251471249
410155200,353.042917187859,-69.4482420206624
410155823,352.894334872406,-67.3899099122475
332509733,350.864799490458,-25.7129411488874
332509736,350.920613765735,-25.728368657949
332517040,350.903863549605,-26.7606306343554
332517282,350.878070621276,-28.1206107082628
316807462,355.51308262705,-30.681873595017
316807590,355.434209565776,-29.9399256677732
62439877,352.029515333052,-15.6778746220159
62440169,352.033024783674,-13.971557531744
62440263,352.047884819479,-13.3401729285591
76923850,352.279363608659,-33.7437609443827
350190121,354.893154920689,-64.3339362050488
350190605,354.920113611631,-62.5155464967168
76924103,352.169432188599,-32.3865129341194
76924263,352.249860181873,-31.641101484824
76924286,352.258623954233,-31.5373290551133
76924459,352.184363069567,-30.7645965911326
76924851,352.304349423478,-31.1503424815973
402339482,353.998726475888,-17.0048744851916
76924954,352.432885105559,-31.6985024921807
76924988,352.416273430861,-31.9438269834225
76924989,352.414085057491,-31.9446240771399
76925128,352.392599740759,-32.6541190211432
76925141,352.315917820681,-32.6891875594456
76925175,352.410339388013,-32.8603052488511
89546611,358.17064513334,-21.869527987482
89546797,358.215672908956,-20.7827807385363
89546836,358.195091494591,-20.5960283990138
89546969,358.113024267306,-20.0063626585865
89546981,358.144150740167,-19.9055775988578
89547322,358.233283447676,-18.0325618544788
89547382,358.240726173415,-18.3339973900279
144377016,356.653819535665,-47.5674938041298
144377418,356.589177848339,-45.4397205531077
144377712,356.691935628954,-43.9271896178864
144377763,356.71790792038,-43.6567280232334
144377897,356.700416921331,-42.9115907325186
248601936,358.043077781197,-2.7937221221522
248601999,357.97765930585,-2.48930528906654
248602152,358.089275247143,-1.80614977065915
248602160,358.035277685343,-1.78557613244266
144378152,356.860529441252,-42.2321228360131
144378370,356.880243692453,-43.5085542885444
144378525,356.874548121473,-44.3048800875743
144378689,356.834360582358,-45.0764272756573
144381480,173.051739054479,35.5713791687358
144381748,356.836287175293,-47.2385231852338
398586888,356.573205442545,-1.74832832191064
398618392,356.559089499909,-0.769059246224728
398618711,356.728100137475,-0.843780908411044
398618929,356.69103069532,-1.8509516959282
398619749,356.653322049989,-5.65882578783418
398619818,356.848769607091,-5.79451793485872
398619852,356.819784164552,-5.6110166927427
410270495,359.168707597298,-80.7461464500669
267082323,359.688272179306,-68.7920085556491
2055562483,355.543854659091,-47.9125219048866
2051813527,358.964976023131,-29.2165847726917
248052515,346.105868304805,-4.70237029495987
407994915,359.085044868576,-4.49208693492747
250105611,355.263696856589,-0.0626927025713107
250321251,340.281197088726,-3.29129338926292
248051294,346.025577181168,-1.10699979535351
248051440,346.086359531805,-1.89747561888098
248052219,346.066759573322,-5.79019322356329
248052253,346.025259052955,-5.97914941512533
248052556,346.133968146049,-4.51624767385972
248052771,346.099160228058,-3.43042748056729
9030304,355.731698693157,-8.57478073072548
250105931,355.392082354288,-1.23918218267738
250106027,355.412063151776,-1.64748301261805
250106136,355.410843719768,-2.12788835433051
9063182,356.45150561339,-10.1964447057283
9063215,356.465790683649,-10.0451203301145
9063438,356.372726002088,-8.9675209170328
9063819,356.427091815231,-7.04518206253482
9063866,356.4742320622,-6.7695928375593
9063887,356.366506875597,-6.62388350291257
9065954,356.582511193933,-9.62027084775319
407968933,359.02669824289,-4.63988335120538
407969050,358.972214204293,-4.05176341363017
407969461,359.057891280448,-1.83795897487631
407969575,358.956589677401,-1.40555245741003
407969656,359.034277736668,-1.01598901219386
407969744,358.983095922493,-0.557291658043096
407970007,359.071618721006,-0.501569196515109
407970068,359.163758302115,-0.808597872757893
407970181,359.104858283373,-1.28792685716409
407970287,359.180027314026,-1.92546560437669
407994618,359.176644988564,-3.10500036613604
407994999,359.117847955033,-4.88607543848884
270185453,349.275121718937,-13.8478645646065
175411370,350.238625018164,-39.5261427482091
175411371,350.237721389951,-39.5275389261832
304098772,352.541242172343,-26.8767304637267
201228436,358.713471978102,-53.9106414779612
9065215,222.546361211324,32.3046908595274
231708319,339.820951883582,-57.2182562051827
9101319,350.662489320808,-20.8767161326057
425863845,352.057437166707,-47.4489962817805
355425024,350.367223068384,-49.9719614101715
407994832,359.181055057437,-4.06513585713034
410212809,354.762254533159,-70.086402769688
304098160,352.539550590697,-26.8774927717558
13097190,348.944338347896,-28.6881385161944
425863941,352.009861102427,-46.9233217387519
425864097,352.085385255594,-46.103735988588
304098035,352.50258417362,-28.9000114165988
250319432,340.251904463171,-2.57664765000247
231708007,339.774155579425,-55.8851289662047
237334043,347.05674439925,-64.3269292980605
248051069,346.071504100189,-0.12179352356849
248051892,346.038932175329,-4.11647649739315
248051937,345.98917260897,-4.35905746597843
248052489,346.129721083651,-4.82382246425151
355367067,349.287172570992,-51.6721367275133
355367071,349.274356327015,-51.6964084556002
9101218,350.603684327519,-21.3305749745797
175411147,350.237978834241,-38.3267919914933
13097112,348.854840653717,-28.3514551797894
38315142,348.665598640695,-5.63718134047766
38315198,348.675596893625,-5.36537649169239
38315300,348.742052319513,-4.79469888386179
38315305,348.748278879968,-4.76529052213123
175411378,350.157120931658,-39.5589809180783
218985169,350.57180572529,-34.6549148525047
355403447,350.072449578564,-53.638281730581
355403637,350.182950634823,-52.7456699054037
355403690,350.128865365828,-52.5223734552384
355403691,350.103108060519,-52.5223173544735
355404002,350.127468560182,-51.1945373285154
355404080,350.187309901196,-50.8663448655578
355404174,350.111453344354,-50.4535193799146
425863880,352.098629665583,-47.3035290504874
425864141,352.085597470875,-45.9170314729801
425864187,352.083872192034,-45.7274612336705
355424297,350.143338047823,-49.3062713267788
355424409,350.08697732301,-48.8068501186039
277940598,355.389713025376,-72.4529288104882
277940636,355.204880439609,-72.3447747077349
277940685,355.575839646361,-72.1519284656042
9030512,355.676199156778,-7.73810358838135
316834121,355.64871491817,-31.9193207313529
316834210,355.53647981117,-32.5604432252715
250105820,355.31171249034,-0.694633585160089
206284699,352.87913188843,-48.9928210160382
410212351,354.728355494436,-71.669624003614
410212485,354.63832308491,-71.2199498810368
410212740,354.722065040285,-70.3137988748074
224223697,352.919319831646,-36.6673471675729
224223859,352.814086450783,-37.4276306738953
304097330,352.683035340059,-24.7481417781628
304098027,352.645419690516,-29.0363085789028
304098101,352.564200601227,-27.7955264053061
304098209,352.579505179286,-26.0813923714504
304098222,352.663329329543,-25.9092303719568
304098326,352.583576085902,-24.1174581282604
304098343,352.490958731264,-23.9480134550414
304098636,352.444055110945,-25.4620907717876
9062757,356.255717234403,-11.5031810665606
9062778,356.264078485305,-11.5879459558444
9062913,356.449252011188,-11.645688722196
1884524549,298.314466538743,74.9969739107451
1909982358,296.864685534746,11.1079859034647
1881420430,298.795163258864,45.8741024186399
1895230014,299.689351333605,1.63573399633671
1880314187,299.933537627925,44.4827832708193
1877586523,299.767902922199,34.6050230153192
1946389647,302.223849664185,21.0847359897112
1879789005,298.691749393624,40.165028153166
201227671,358.658265220287,-49.7322191200779
201227741,358.574092807919,-50.0788170753706
201227808,358.532600218908,-50.456683580871
201227954,358.682944433935,-51.3226125150686
201227957,358.646668588457,-51.3429404387768
9063235,356.394770594886,-9.97041499746895
9063655,356.406817081669,-7.89825572964566
9063914,356.426542406325,-6.49366387353767
9063978,356.456887603533,-6.17574515294191
9065195,356.481634428859,-7.93297074124142
9065197,356.479769135619,-7.93551263587842
350272526,356.416294089309,-61.0946048633086
350272832,356.652352388622,-59.887136381867
350272949,356.631891391796,-60.4259505173226
350273067,356.564044347053,-60.850054172511
350273106,356.710451055873,-60.9620851074072
402110571,358.569404503298,-72.550956897242
402110663,358.553473987208,-72.2722866764878
350273316,356.644814539505,-61.8446590842235
350273617,356.703674112429,-62.974216547002
350274006,356.709494962703,-64.3578674903071
407970042,359.14730486833,-0.68047776371999
407994686,359.112083528358,-3.40871519207275
407994859,359.101368644147,-4.20894182227853
407994939,359.096351398516,-4.59145197108529
407995281,359.639596808771,-5.56748284977161
407995283,359.640926681347,-5.56440327863792
407995294,359.580704188508,-5.5069649729099
144300898,354.296227385595,-42.7968637613084
144301005,354.396889546034,-42.2034635187236
144301082,354.51342097217,-41.9803822027979
144301183,354.584666695976,-42.5048009903534
144301267,354.451335389379,-42.9413832701583
144301320,354.47226753294,-43.2149586168973
66473314,355.754877549776,-19.4956733051475
277940779,355.679883480239,-71.924933989598
4495848,347.152399472925,-10.0875971069877
4495849,347.151253601937,-10.0873325463443
204390135,348.569285256544,-19.6442818780387
204390137,348.568587281363,-19.6461835092042
4496348,347.224781621631,-8.12291549717904
4496269,347.206647368517,-8.39837950178528
4496367,347.198020126718,-8.04177319197233
4496738,347.158351479204,-6.41447094814961
4496994,347.341072221701,-6.58374136287691
9008211,349.503250835639,-19.5885419563969
248037933,345.647974864318,-5.45014647492047
49619377,350.450582970085,-9.79914313298401
49619549,350.398837986542,-10.5823804274931
9030744,355.667024616883,-6.58975707822696
9031014,355.836105724822,-6.53103811806331
9727423,358.537303518262,-11.0019744403816
9164245,351.885791896368,-19.8257793340058
293369282,357.207475899962,-0.0007975160427346
111226436,345.146219516703,-15.2293442049786
139188407,344.981308496157,-46.0927686062937
139188409,344.982272632915,-46.0920089866066
9007748,349.250925223648,-23.3962979292627
13065999,347.7029981036,-29.1463564076833
188599670,345.761936594722,-12.1893409154108
155777872,347.322540084987,-31.9069804841866
260796681,347.907290888339,-68.2151333819861
267021597,350.424687097825,-55.6498450878105
267021599,350.422945620325,-55.6496358781927
9030791,355.669246659103,-6.37405723309559
9030792,355.669760447198,-6.37314297667533
66473945,355.891148754035,-19.4673380529956
355476541,351.764469468983,-52.7909667553409
273606874,358.112724687424,-75.3922464009812
13066030,347.762715718864,-29.0099795548729
144330275,355.659959758618,-44.6182886244179
9008081,349.539729039019,-18.9335064529562
147115113,321.742286442701,-47.9266133501376
260822318,348.434909403584,-66.8454630695409
175404369,349.730837794949,-38.7692600009543
5654124,346.797432356542,-13.5318310027589
218979108,349.778094845361,-30.987172344425
5655186,346.942898015109,-15.2916770730538
393963462,352.519028563367,-37.1827929250147
77029632,353.931060763787,-31.6142780911061
219339932,354.793886084367,-54.5879829053145
316968828,356.937061606791,-54.3282729044735
13066269,347.712544079305,-27.8473632152724
188599501,345.828639998236,-12.8427623404313
5653790,346.84765610778,-15.1367295905539
393963174,352.3767278482,-36.0833028305685
425885277,359.959290985086,-58.5561286691236
325489976,357.86918487385,-78.1803864014634
114794403,359.484430456732,-18.2710602662127
267080594,359.346953337584,-69.5452940256194
301511495,321.894319777151,-29.1323445950015
301511551,321.838958842858,-25.7727707935619
301511775,321.763040911642,-24.9177916814348
326394972,319.997362692421,-27.7328708271613
326395105,319.971130067657,-27.3571723651886
326395888,319.96386905322,-25.4050467468839
4495784,347.222624473793,-10.3501694605486
204390313,348.558002735303,-20.4677177247275
204390350,348.557831093284,-20.6793812406374
204390545,348.5959783625,-21.7417938882207
204390552,348.639496857489,-21.7522832416906
204390598,348.610976611056,-21.9655964713495
204390601,348.535399263125,-21.9818761016568
204390602,348.537757151424,-21.9822519204899
111225928,345.209581272229,-17.4965550906736
111226044,345.144431266786,-16.927080876771
111226046,345.143750937019,-16.9248063885121
111226313,345.166453141525,-15.8189639764733
4496286,347.2133643996,-8.33283703488967
4496421,347.227063190717,-7.79452129859463
4496501,347.165285359217,-7.46706142477224
4496508,347.158203884851,-7.43634518766639
4496621,347.183141633871,-6.91739755410356
4497024,347.309979188507,-6.69256193451714
111226721,345.24344868235,-13.9409553361711
111226729,345.179198131556,-13.8913621763067
111226831,345.250596124512,-13.3859184077944
111227057,345.20317572811,-12.2082682354707
111227092,345.207429369948,-12.0483888047764
111227103,345.237513138213,-11.9919564454611
139188354,345.10693901583,-46.3432046752917
139188533,345.076538143646,-45.528506874275
139188659,345.0245041712,-44.8727524540177
139188718,345.035636698671,-44.6176351818426
13066017,347.778344393883,-29.0488263116563
13066164,347.72233492867,-28.4156346812308
13066415,347.725728693225,-27.0026362514799
13066825,347.726480153739,-25.0435115447727
188599208,345.865026323358,-14.0942908864516
1938421512,303.828257843491,10.4845920716307
1950203202,304.600884805697,27.4606507626929
1947719124,305.088940465136,23.8448640237571
1950649933,304.578119026102,29.055462583984
1936546943,307.148217101504,9.42517746483491
1939263168,306.756587095996,13.6862347641509
1955462157,305.631462121895,29.6232387123976
1959205815,313.51856811506,35.1343008528554
188617634,345.92878460355,-12.2211975727113
188617781,345.942127079444,-12.7911892300226
260822958,348.422185123141,-69.0233196616616
260822960,348.432261297945,-69.0272149384778
9008088,349.437074119746,-18.9649326461024
9008397,349.467117010532,-20.4750434678214
188618395,345.984083081052,-15.4784191006955
188618428,345.871719559634,-15.6154009921766
175413521,350.401951564944,-37.6213878907663
13067091,347.763259356891,-23.9992656907651
